{
  "TotalRuns": 19,
  "RunsWithReplan": 3,
  "TotalReplanCount": 10,
  "ReplanRate": 0.15789473684210525,
  "TotalToolInvocations": 59,
  "TotalWrongToolInvocations": 5,
  "WtrRate": 0.0847457627118644,
  "AvgWtrPerRun": 0.04912280701754386
}